,,,,,,,,
Kitsap,BREMERTON 001,,,,Registered,1346,,
Kitsap,BREMERTON 005,,,,Registered,1222,,
Kitsap,BREMERTON 007,,,,Registered,22,,
Kitsap,BREMERTON 013,,,,Registered,970,,
Kitsap,BREMERTON 015,,,,Registered,1748,,
Kitsap,BREMERTON 022,,,,Registered,685,,
Kitsap,BREMERTON 029,,,,Registered,705,,
Kitsap,BREMERTON 031,,,,Registered,978,,
Kitsap,BREMERTON 032,,,,Registered,284,,
Kitsap,BREMERTON 037,,,,Registered,1218,,
Kitsap,BREMERTON 040,,,,Registered,1437,,
Kitsap,BREMERTON 046,,,,Registered,854,,
Kitsap,BREMERTON 051,,,,Registered,55,,
Kitsap,BREMERTON 052,,,,Registered,1878,,
Kitsap,BREMERTON 054,,,,Registered,824,,
Kitsap,BREMERTON 056,,,,Registered,913,,
Kitsap,BREMERTON 058,,,,Registered,411,,
Kitsap,ILLAHEE 065,,,,Registered,1770,,
Kitsap,RAINIER 067,,,,Registered,639,,
Kitsap,SHERIDAN 071,,,,Registered,327,,
Kitsap,PERRY 073,,,,Registered,513,,
Kitsap,ROCKY POINT 083,,,,Registered,1006,,
Kitsap,RIDGEWAY 084,,,,Registered,256,,
Kitsap,KITSAP LAKE 085,,,,Registered,63,,
Kitsap,POWERLINE 086,,,,Registered,16,,
Kitsap,BAYVIEW 087,,,,Registered,254,,
Kitsap,BREMERTON 088,,,,Registered,152,,
Kitsap,MARION 090,,,,Registered,201,,
Kitsap,NAVY YARD CITY 095,,,,Registered,931,,
Kitsap,NARROWS VIEW 098,,,,Registered,31,,
Kitsap,OLYMPIC 099,,,,Registered,49,,
Kitsap,TRIDENT 101,,,,Registered,840,,
Kitsap,FRONTIER 102,,,,Registered,663,,
Kitsap,OLYMPIC VIEW 103,,,,Registered,1256,,
Kitsap,HOOD CANAL 104,,,,Registered,36,,
Kitsap,BROWNSVILLE 105,,,,Registered,1013,,
Kitsap,BREMERTON 109,,,,Registered,404,,
Kitsap,CHARLAND 110,,,,Registered,550,,
Kitsap,ALPINE 111,,,,Registered,1301,,
Kitsap,COUNTRY CLUB 113,,,,Registered,622,,
Kitsap,CLEAR CREEK 120,,,,Registered,1151,,
Kitsap,BUCKLIN 121,,,,Registered,865,,
Kitsap,LUOTO 122,,,,Registered,462,,
Kitsap,COTTONWOOD 125,,,,Registered,932,,
Kitsap,FOREST RIDGE 126,,,,Registered,449,,
Kitsap,WOODMERE 127,,,,Registered,1125,,
Kitsap,CENTRAL VALLEY 128,,,,Registered,1203,,
Kitsap,WINSTON 129,,,,Registered,406,,
Kitsap,ERLANDS POINT 130,,,,Registered,604,,
Kitsap,FAIRVIEW 135,,,,Registered,461,,
Kitsap,FIRGLADE 137,,,,Registered,697,,
Kitsap,TIBARDIS 139,,,,Registered,459,,
Kitsap,GILBERTON 140,,,,Registered,719,,
Kitsap,RIDGEPOINT 141,,,,Registered,931,,
Kitsap,UNIVERSITY POINT 142,,,,Registered,591,,
Kitsap,KARIOTIS 143,,,,Registered,888,,
Kitsap,CAMBRIDGE 144,,,,Registered,575,,
Kitsap,SPINNAKER 146,,,,Registered,736,,
Kitsap,BARKER CREEK 147,,,,Registered,1059,,
Kitsap,SANTA FE 148,,,,Registered,929,,
Kitsap,RIDGETOP 149,,,,Registered,850,,
Kitsap,MEADOWDALE 150,,,,Registered,792,,
Kitsap,SYMINGTON 151,,,,Registered,1298,,
Kitsap,PIONEER 152,,,,Registered,922,,
Kitsap,SEABECK 155,,,,Registered,965,,
Kitsap,CAMP SUNDOWN 156,,,,Registered,5,,
Kitsap,LOST HIGHWAY 157,,,,Registered,1129,,
Kitsap,BREMERTON 159,,,,Registered,419,,
Kitsap,SILVERDALE 160,,,,Registered,743,,
Kitsap,MORKEN 161,,,,Registered,1208,,
Kitsap,APEX 162,,,,Registered,1069,,
Kitsap,ANDERSON CREEK 163,,,,Registered,545,,
Kitsap,EAGLE CREST 164,,,,Registered,960,,
Kitsap,SUTTON 165,,,,Registered,694,,
Kitsap,TRACYTON 170,,,,Registered,626,,
Kitsap,VENA 173,,,,Registered,795,,
Kitsap,FUSON 175,,,,Registered,829,,
Kitsap,PORT ORCHARD 201,,,,Registered,691,,
Kitsap,PORT ORCHARD 202,,,,Registered,903,,
Kitsap,PORT ORCHARD 203,,,,Registered,1268,,
Kitsap,PORT ORCHARD 204,,,,Registered,711,,
Kitsap,PORT ORCHARD 205,,,,Registered,8,,
Kitsap,PORT ORCHARD 206,,,,Registered,1,,
Kitsap,ANNAPOLIS 212,,,,Registered,1089,,
Kitsap,BRASCH 213,,,,Registered,1252,,
Kitsap,BETHEL 215,,,,Registered,733,,
Kitsap,MINTERBROOK 216,,,,Registered,1113,,
Kitsap,SPRING CREEK 217,,,,Registered,766,,
Kitsap,BURLEY 218,,,,Registered,830,,
Kitsap,HUNTER 219,,,,Registered,742,,
Kitsap,ALASKA 221,,,,Registered,1248,,
Kitsap,WOODRIDGE 222,,,,Registered,497,,
Kitsap,NEBRASKA 223,,,,Registered,745,,
Kitsap,WHISPERING PINES 227,,,,Registered,941,,
Kitsap,FERNWOOD 230,,,,Registered,1090,,
Kitsap,GLENWOOD 232,,,,Registered,1097,,
Kitsap,HARPER 240,,,,Registered,733,,
Kitsap,YUKON 241,,,,Registered,671,,
Kitsap,WILSON CREEK 242,,,,Registered,610,,
Kitsap,LONG LAKE 245,,,,Registered,573,,
Kitsap,LOCKER 246,,,,Registered,1040,,
Kitsap,EBBERT 247,,,,Registered,900,,
Kitsap,LUNDBERG 250,,,,Registered,935,,
Kitsap,CONVERSE 252,,,,Registered,738,,
Kitsap,MANCHESTER 255,,,,Registered,450,,
Kitsap,EVERGREEN 257,,,,Registered,1045,,
Kitsap,WILLOCK 258,,,,Registered,1126,,
Kitsap,MULLENIX 260,,,,Registered,1146,,
Kitsap,BANDIX 263,,,,Registered,997,,
Kitsap,OLALLA 265,,,,Registered,616,,
Kitsap,CRESCENT VALLEY 266,,,,Registered,816,,
Kitsap,OVERLOOK 267,,,,Registered,801,,
Kitsap,MADRONA 269,,,,Registered,706,,
Kitsap,PARKWOOD 270,,,,Registered,1054,,
Kitsap,CONIFER 271,,,,Registered,582,,
Kitsap,SEDGWICK 272,,,,Registered,1069,,
Kitsap,SINCLAIR 275,,,,Registered,618,,
Kitsap,SHERMAN HEIGHTS 278,,,,Registered,62,,
Kitsap,SUNNYSLOPE 280,,,,Registered,1005,,
Kitsap,MCCORMICK WOODS 281,,,,Registered,1511,,
Kitsap,DICKENSON 282,,,,Registered,803,,
Kitsap,TWIN LAKES 285,,,,Registered,201,,
Kitsap,LIGHTHOUSE POINT 292,,,,Registered,784,,
Kitsap,BREMERTON 293,,,,Registered,5,,
Kitsap,WATERMAN 295,,,,Registered,555,,
Kitsap,BREMERTON 296,,,,Registered,7,,
Kitsap,BLUE HERON 301,,,,Registered,1065,,
Kitsap,AZALEA 302,,,,Registered,607,,
Kitsap,WINSLOW 304,,,,Registered,1277,,
Kitsap,WING POINT 305,,,,Registered,611,,
Kitsap,BLAKELY 310,,,,Registered,630,,
Kitsap,CRYSTAL SPRINGS 312,,,,Registered,1001,,
Kitsap,FINCH 314,,,,Registered,581,,
Kitsap,FERNCLIFF 315,,,,Registered,1007,,
Kitsap,EAGLE HARBOR 317,,,,Registered,608,,
Kitsap,FORT WARD 318,,,,Registered,701,,
Kitsap,ISLAND CENTER 320,,,,Registered,658,,
Kitsap,MEADOWMEER 321,,,,Registered,387,,
Kitsap,NEW BROOKLYN 322,,,,Registered,472,,
Kitsap,LIBERTY 325,,,,Registered,704,,
Kitsap,SKIFF POINT 328,,,,Registered,659,,
Kitsap,ROLLING BAY 330,,,,Registered,871,,
Kitsap,LOVGREN 332,,,,Registered,458,,
Kitsap,TOLO 333,,,,Registered,686,,
Kitsap,SEABOLD 335,,,,Registered,890,,
Kitsap,MANZANITA 336,,,,Registered,651,,
Kitsap,PORT MADISON 340,,,,Registered,626,,
Kitsap,TORVANGER 345,,,,Registered,971,,
Kitsap,POULSBO 401,,,,Registered,795,,
Kitsap,POULSBO 403,,,,Registered,768,,
Kitsap,POULSBO 404,,,,Registered,1407,,
Kitsap,POULSBO 405,,,,Registered,706,,
Kitsap,POULSBO 406,,,,Registered,760,,
Kitsap,BREIDABLIK 410,,,,Registered,922,,
Kitsap,VINLAND 412,,,,Registered,1511,,
Kitsap,HANSVILLE 415,,,,Registered,1278,,
Kitsap,TWIN SPITS 417,,,,Registered,1159,,
Kitsap,S' KLALLAM 418,,,,Registered,252,,
Kitsap,POINT JEFFERSON 419,,,,Registered,621,,
Kitsap,INDIANOLA 420,,,,Registered,902,,
Kitsap,ORCA 421,,,,Registered,727,,
Kitsap,APPLE TREE 422,,,,Registered,1312,,
Kitsap,KEYPORT 425,,,,Registered,935,,
Kitsap,ISLAND LAKE 427,,,,Registered,1139,,
Kitsap,KINGSTON 430,,,,Registered,1186,,
Kitsap,LEMOLO 435,,,,Registered,830,,
Kitsap,LINCOLN 440,,,,Registered,809,,
Kitsap,BIG VALLEY 441,,,,Registered,551,,
Kitsap,LOFALL 442,,,,Registered,1046,,
Kitsap,PEARSON 445,,,,Registered,1148,,
Kitsap,PORT GAMBLE 450,,,,Registered,756,,
Kitsap,STRIEBEL 453,,,,Registered,843,,
Kitsap,GAMBLEWOOD 454,,,,Registered,732,,
Kitsap,SCANDIA 455,,,,Registered,856,,
Kitsap,MILLER BAY 458,,,,Registered,988,,
Kitsap,SUQUAMISH 460,,,,Registered,710,,
Kitsap,AUGUSTA 461,,,,Registered,491,,
Kitsap,TOTTEN 463,,,,Registered,1277,,
Kitsap,vbm precincts,,,,Registered,0,,
Kitsap,KITSAP CO,,,,Registered,138956,,
,,,,,,,Machine,Hand
Kitsap,BREMERTON 001,1346,,,,997,997,997
Kitsap,BREMERTON 005,1222,,,,993,993,993
Kitsap,BREMERTON 007,22,,,,20,20,20
Kitsap,BREMERTON 013,970,,,,750,750,750
Kitsap,BREMERTON 015,1748,,,,1381,1379,1379
Kitsap,BREMERTON 022,685,,,,543,543,543
Kitsap,BREMERTON 029,705,,,,613,613,613
Kitsap,BREMERTON 031,978,,,,834,833,833
Kitsap,BREMERTON 032,284,,,,181,181,181
Kitsap,BREMERTON 037,1218,,,,1004,1004,1004
Kitsap,BREMERTON 040,1437,,,,1231,1231,1227
Kitsap,BREMERTON 046,854,,,,709,708,708
Kitsap,BREMERTON 051,55,,,,46,46,46
Kitsap,BREMERTON 052,1878,,,,1520,1519,1520
Kitsap,BREMERTON 054,824,,,,693,693,693
Kitsap,BREMERTON 056,913,,,,731,731,731
Kitsap,BREMERTON 058,411,,,,373,373,373
Kitsap,ILLAHEE 065,1770,,,,1534,1534,1533
Kitsap,RAINIER 067,639,,,,539,539,539
Kitsap,SHERIDAN 071,327,,,,276,276,276
Kitsap,PERRY 073,513,,,,441,441,441
Kitsap,ROCKY POINT 083,1006,,,,859,858,858
Kitsap,RIDGEWAY 084,256,,,,221,222,222
Kitsap,KITSAP LAKE 085,63,,,,58,57,57
Kitsap,POWERLINE 086,16,,,,15,15,15
Kitsap,BAYVIEW 087,254,,,,222,222,222
Kitsap,BREMERTON 088,152,,,,119,119,119
Kitsap,MARION 090,201,,,,176,176,176
Kitsap,NAVY YARD CITY 095,931,,,,736,735,735
Kitsap,NARROWS VIEW 098,31,,,,32,32,32
Kitsap,OLYMPIC 099,49,,,,47,47,47
Kitsap,TRIDENT 101,840,,,,636,636,636
Kitsap,FRONTIER 102,663,,,,580,580,580
Kitsap,OLYMPIC VIEW 103,1256,,,,1115,1115,1115
Kitsap,HOOD CANAL 104,36,,,,32,32,32
Kitsap,BROWNSVILLE 105,1013,,,,889,888,889
Kitsap,BREMERTON 109,404,,,,263,263,263
Kitsap,CHARLAND 110,550,,,,474,474,476
Kitsap,ALPINE 111,1301,,,,1097,1097,1094
Kitsap,COUNTRY CLUB 113,622,,,,505,505,506
Kitsap,CLEAR CREEK 120,1151,,,,1006,1006,1004
Kitsap,BUCKLIN 121,865,,,,744,745,744
Kitsap,LUOTO 122,462,,,,393,393,393
Kitsap,COTTONWOOD 125,932,,,,755,755,755
Kitsap,FOREST RIDGE 126,449,,,,380,380,380
Kitsap,WOODMERE 127,1125,,,,946,946,946
Kitsap,CENTRAL VALLEY 128,1203,,,,986,986,985
Kitsap,WINSTON 129,406,,,,323,323,323
Kitsap,ERLANDS POINT 130,604,,,,526,526,532
Kitsap,FAIRVIEW 135,461,,,,409,409,409
Kitsap,FIRGLADE 137,697,,,,582,582,582
Kitsap,TIBARDIS 139,459,,,,380,380,378
Kitsap,GILBERTON 140,719,,,,612,612,612
Kitsap,RIDGEPOINT 141,931,,,,794,794,794
Kitsap,UNIVERSITY POINT 142,591,,,,504,504,504
Kitsap,KARIOTIS 143,888,,,,732,732,732
Kitsap,CAMBRIDGE 144,575,,,,486,486,486
Kitsap,SPINNAKER 146,736,,,,609,609,609
Kitsap,BARKER CREEK 147,1059,,,,910,910,910
Kitsap,SANTA FE 148,929,,,,793,793,788
Kitsap,RIDGETOP 149,850,,,,716,716,716
Kitsap,MEADOWDALE 150,792,,,,658,658,658
Kitsap,SYMINGTON 151,1298,,,,1137,1137,1137
Kitsap,PIONEER 152,922,,,,815,815,816
Kitsap,SEABECK 155,965,,,,822,824,823
Kitsap,CAMP SUNDOWN 156,5,,,,3,3,
Kitsap,LOST HIGHWAY 157,1129,,,,947,947,947
Kitsap,BREMERTON 159,419,,,,363,363,363
Kitsap,SILVERDALE 160,743,,,,597,597,596
Kitsap,MORKEN 161,1208,,,,1028,1028,1028
Kitsap,APEX 162,1069,,,,924,924,925
Kitsap,ANDERSON CREEK 163,545,,,,477,477,477
Kitsap,EAGLE CREST 164,960,,,,852,852,852
Kitsap,SUTTON 165,694,,,,588,588,588
Kitsap,TRACYTON 170,626,,,,543,543,543
Kitsap,VENA 173,795,,,,678,678,678
Kitsap,FUSON 175,829,,,,674,674,674
Kitsap,PORT ORCHARD 201,691,,,,609,609,609
Kitsap,PORT ORCHARD 202,903,,,,757,757,756
Kitsap,PORT ORCHARD 203,1268,,,,1038,1038,1038
Kitsap,PORT ORCHARD 204,711,,,,587,587,584
Kitsap,PORT ORCHARD 205,8,,,,6,6,
Kitsap,PORT ORCHARD 206,1,,,,0,0,
Kitsap,ANNAPOLIS 212,1089,,,,941,941,941
Kitsap,BRASCH 213,1252,,,,1062,1062,1062
Kitsap,BETHEL 215,733,,,,621,621,621
Kitsap,MINTERBROOK 216,1113,,,,918,916,916
Kitsap,SPRING CREEK 217,766,,,,673,673,673
Kitsap,BURLEY 218,830,,,,717,717,717
Kitsap,HUNTER 219,742,,,,636,635,635
Kitsap,ALASKA 221,1248,,,,1089,1088,1088
Kitsap,WOODRIDGE 222,497,,,,409,409,409
Kitsap,NEBRASKA 223,745,,,,616,616,616
Kitsap,WHISPERING PINES 227,941,,,,776,775,775
Kitsap,FERNWOOD 230,1090,,,,926,926,926
Kitsap,GLENWOOD 232,1097,,,,965,965,965
Kitsap,HARPER 240,733,,,,655,655,655
Kitsap,YUKON 241,671,,,,591,591,591
Kitsap,WILSON CREEK 242,610,,,,544,544,544
Kitsap,LONG LAKE 245,573,,,,501,500,501
Kitsap,LOCKER 246,1040,,,,907,906,906
Kitsap,EBBERT 247,900,,,,794,794,794
Kitsap,LUNDBERG 250,935,,,,779,779,778
Kitsap,CONVERSE 252,738,,,,642,642,642
Kitsap,MANCHESTER 255,450,,,,411,411,411
Kitsap,EVERGREEN 257,1045,,,,911,911,911
Kitsap,WILLOCK 258,1126,,,,980,979,979
Kitsap,MULLENIX 260,1146,,,,998,998,998
Kitsap,BANDIX 263,997,,,,835,835,834
Kitsap,OLALLA 265,616,,,,552,553,553
Kitsap,CRESCENT VALLEY 266,816,,,,710,710,710
Kitsap,OVERLOOK 267,801,,,,660,660,661
Kitsap,MADRONA 269,706,,,,574,575,575
Kitsap,PARKWOOD 270,1054,,,,889,889,889
Kitsap,CONIFER 271,582,,,,468,468,468
Kitsap,SEDGWICK 272,1069,,,,869,868,869
Kitsap,SINCLAIR 275,618,,,,486,486,484
Kitsap,SHERMAN HEIGHTS 278,62,,,,56,56,56
Kitsap,SUNNYSLOPE 280,1005,,,,808,807,807
Kitsap,MCCORMICK WOODS 281,1511,,,,1380,1380,1380
Kitsap,DICKENSON 282,803,,,,649,649,649
Kitsap,TWIN LAKES 285,201,,,,183,183,183
Kitsap,LIGHTHOUSE POINT 292,784,,,,710,710,710
Kitsap,BREMERTON 293,5,,,,4,4,
Kitsap,WATERMAN 295,555,,,,487,487,487
Kitsap,BREMERTON 296,7,,,,4,4,
Kitsap,BLUE HERON 301,1065,,,,976,976,976
Kitsap,AZALEA 302,607,,,,538,538,538
Kitsap,WINSLOW 304,1277,,,,1167,1167,1167
Kitsap,WING POINT 305,611,,,,572,572,570
Kitsap,BLAKELY 310,630,,,,587,587,587
Kitsap,CRYSTAL SPRINGS 312,1001,,,,918,918,917
Kitsap,FINCH 314,581,,,,544,544,544
Kitsap,FERNCLIFF 315,1007,,,,915,915,915
Kitsap,EAGLE HARBOR 317,608,,,,560,560,560
Kitsap,FORT WARD 318,701,,,,652,652,651
Kitsap,ISLAND CENTER 320,658,,,,611,611,611
Kitsap,MEADOWMEER 321,387,,,,363,363,363
Kitsap,NEW BROOKLYN 322,472,,,,441,441,441
Kitsap,LIBERTY 325,704,,,,661,661,662
Kitsap,SKIFF POINT 328,659,,,,615,614,615
Kitsap,ROLLING BAY 330,871,,,,785,785,785
Kitsap,LOVGREN 332,458,,,,427,427,427
Kitsap,TOLO 333,686,,,,610,610,610
Kitsap,SEABOLD 335,890,,,,821,820,820
Kitsap,MANZANITA 336,651,,,,592,592,592
Kitsap,PORT MADISON 340,626,,,,571,570,568
Kitsap,TORVANGER 345,971,,,,903,903,905
Kitsap,POULSBO 401,795,,,,671,672,672
Kitsap,POULSBO 403,768,,,,662,663,664
Kitsap,POULSBO 404,1407,,,,1291,1290,1290
Kitsap,POULSBO 405,706,,,,611,611,612
Kitsap,POULSBO 406,760,,,,684,684,682
Kitsap,BREIDABLIK 410,922,,,,810,810,810
Kitsap,VINLAND 412,1511,,,,1381,1382,1382
Kitsap,HANSVILLE 415,1278,,,,1167,1167,1167
Kitsap,TWIN SPITS 417,1159,,,,1059,1059,1059
Kitsap,S' KLALLAM 418,252,,,,149,149,149
Kitsap,POINT JEFFERSON 419,621,,,,551,550,551
Kitsap,INDIANOLA 420,902,,,,834,834,834
Kitsap,ORCA 421,727,,,,610,610,610
Kitsap,APPLE TREE 422,1312,,,,1168,1167,1166
Kitsap,KEYPORT 425,935,,,,802,808,810
Kitsap,ISLAND LAKE 427,1139,,,,942,950,949
Kitsap,KINGSTON 430,1186,,,,1052,1052,1052
Kitsap,LEMOLO 435,830,,,,723,722,722
Kitsap,LINCOLN 440,809,,,,709,707,707
Kitsap,BIG VALLEY 441,551,,,,476,475,475
Kitsap,LOFALL 442,1046,,,,929,929,928
Kitsap,PEARSON 445,1148,,,,977,984,982
Kitsap,PORT GAMBLE 450,756,,,,684,684,684
Kitsap,STRIEBEL 453,843,,,,749,749,748
Kitsap,GAMBLEWOOD 454,732,,,,590,590,593
Kitsap,SCANDIA 455,856,,,,747,747,746
Kitsap,MILLER BAY 458,988,,,,864,864,864
Kitsap,SUQUAMISH 460,710,,,,617,617,617
Kitsap,AUGUSTA 461,491,,,,438,438,438
Kitsap,TOTTEN 463,1277,,,,1122,1122,1122
Kitsap,vbm precincts,0,,,,0,0,17
KITSAP CO,KITSAP,138956,,,,119458,119459,119443
Kitsap,BREMERTON 001,,,D,Christine Gregoire,546,546,547
Kitsap,BREMERTON 005,,,D,Christine Gregoire,548,548,549
Kitsap,BREMERTON 007,,,D,Christine Gregoire,,,9
Kitsap,BREMERTON 013,,,D,Christine Gregoire,420,420,420
Kitsap,BREMERTON 015,,,D,Christine Gregoire,723,722,723
Kitsap,BREMERTON 022,,,D,Christine Gregoire,305,304,305
Kitsap,BREMERTON 029,,,D,Christine Gregoire,321,320,320
Kitsap,BREMERTON 031,,,D,Christine Gregoire,423,423,425
Kitsap,BREMERTON 032,,,D,Christine Gregoire,106,106,106
Kitsap,BREMERTON 037,,,D,Christine Gregoire,430,431,431
Kitsap,BREMERTON 040,,,D,Christine Gregoire,645,646,647
Kitsap,BREMERTON 046,,,D,Christine Gregoire,365,365,365
Kitsap,BREMERTON 051,,,D,Christine Gregoire,,29,29
Kitsap,BREMERTON 052,,,D,Christine Gregoire,832,831,834
Kitsap,BREMERTON 054,,,D,Christine Gregoire,364,364,364
Kitsap,BREMERTON 056,,,D,Christine Gregoire,346,347,347
Kitsap,BREMERTON 058,,,D,Christine Gregoire,209,210,210
Kitsap,ILLAHEE 065,,,D,Christine Gregoire,743,744,743
Kitsap,RAINIER 067,,,D,Christine Gregoire,245,245,245
Kitsap,SHERIDAN 071,,,D,Christine Gregoire,,154,154
Kitsap,PERRY 073,,,D,Christine Gregoire,206,206,206
Kitsap,ROCKY POINT 083,,,D,Christine Gregoire,419,419,420
Kitsap,RIDGEWAY 084,,,D,Christine Gregoire,,93,93
Kitsap,KITSAP LAKE 085,,,D,Christine Gregoire,,24,24
Kitsap,POWERLINE 086,,,D,Christine Gregoire,,,10
Kitsap,BAYVIEW 087,,,D,Christine Gregoire,,109,109
Kitsap,BREMERTON 088,,,D,Christine Gregoire,,48,48
Kitsap,MARION 090,,,D,Christine Gregoire,,113,114
Kitsap,NAVY YARD CITY 095,,,D,Christine Gregoire,345,346,346
Kitsap,NARROWS VIEW 098,,,D,Christine Gregoire,,15,15
Kitsap,OLYMPIC 099,,,D,Christine Gregoire,,23,23
Kitsap,TRIDENT 101,,,D,Christine Gregoire,145,145,146
Kitsap,FRONTIER 102,,,D,Christine Gregoire,231,231,230
Kitsap,OLYMPIC VIEW 103,,,D,Christine Gregoire,419,420,420
Kitsap,HOOD CANAL 104,,,D,Christine Gregoire,375,9,10
Kitsap,BROWNSVILLE 105,,,D,Christine Gregoire,,375,375
Kitsap,BREMERTON 109,,,D,Christine Gregoire,97,97,97
Kitsap,CHARLAND 110,,,D,Christine Gregoire,182,182,182
Kitsap,ALPINE 111,,,D,Christine Gregoire,409,409,410
Kitsap,COUNTRY CLUB 113,,,D,Christine Gregoire,242,243,243
Kitsap,CLEAR CREEK 120,,,D,Christine Gregoire,387,387,386
Kitsap,BUCKLIN 121,,,D,Christine Gregoire,312,312,313
Kitsap,LUOTO 122,,,D,Christine Gregoire,142,142,143
Kitsap,COTTONWOOD 125,,,D,Christine Gregoire,298,299,301
Kitsap,FOREST RIDGE 126,,,D,Christine Gregoire,140,140,140
Kitsap,WOODMERE 127,,,D,Christine Gregoire,398,398,398
Kitsap,CENTRAL VALLEY 128,,,D,Christine Gregoire,414,414,414
Kitsap,WINSTON 129,,,D,Christine Gregoire,130,130,130
Kitsap,ERLANDS POINT 130,,,D,Christine Gregoire,271,272,273
Kitsap,FAIRVIEW 135,,,D,Christine Gregoire,161,161,162
Kitsap,FIRGLADE 137,,,D,Christine Gregoire,264,264,264
Kitsap,TIBARDIS 139,,,D,Christine Gregoire,146,145,146
Kitsap,GILBERTON 140,,,D,Christine Gregoire,264,264,264
Kitsap,RIDGEPOINT 141,,,D,Christine Gregoire,338,337,338
Kitsap,UNIVERSITY POINT 142,,,D,Christine Gregoire,218,218,218
Kitsap,KARIOTIS 143,,,D,Christine Gregoire,354,354,354
Kitsap,CAMBRIDGE 144,,,D,Christine Gregoire,169,169,169
Kitsap,SPINNAKER 146,,,D,Christine Gregoire,288,288,288
Kitsap,BARKER CREEK 147,,,D,Christine Gregoire,358,358,358
Kitsap,SANTA FE 148,,,D,Christine Gregoire,297,297,297
Kitsap,RIDGETOP 149,,,D,Christine Gregoire,251,252,252
Kitsap,MEADOWDALE 150,,,D,Christine Gregoire,261,262,261
Kitsap,SYMINGTON 151,,,D,Christine Gregoire,419,419,419
Kitsap,PIONEER 152,,,D,Christine Gregoire,342,340,344
Kitsap,SEABECK 155,,,D,Christine Gregoire,326,327,328
Kitsap,CAMP SUNDOWN 156,,,D,Christine Gregoire,,,
Kitsap,LOST HIGHWAY 157,,,D,Christine Gregoire,384,383,384
Kitsap,BREMERTON 159,,,D,Christine Gregoire,182,183,183
Kitsap,SILVERDALE 160,,,D,Christine Gregoire,272,272,272
Kitsap,MORKEN 161,,,D,Christine Gregoire,369,369,369
Kitsap,APEX 162,,,D,Christine Gregoire,345,345,346
Kitsap,ANDERSON CREEK 163,,,D,Christine Gregoire,178,176,179
Kitsap,EAGLE CREST 164,,,D,Christine Gregoire,344,344,344
Kitsap,SUTTON 165,,,D,Christine Gregoire,262,262,263
Kitsap,TRACYTON 170,,,D,Christine Gregoire,260,260,260
Kitsap,VENA 173,,,D,Christine Gregoire,312,313,313
Kitsap,FUSON 175,,,D,Christine Gregoire,303,304,305
Kitsap,PORT ORCHARD 201,,,D,Christine Gregoire,296,296,296
Kitsap,PORT ORCHARD 202,,,D,Christine Gregoire,321,322,320
Kitsap,PORT ORCHARD 203,,,D,Christine Gregoire,461,461,461
Kitsap,PORT ORCHARD 204,,,D,Christine Gregoire,282,282,281
Kitsap,PORT ORCHARD 205,,,D,Christine Gregoire,,,
Kitsap,PORT ORCHARD 206,,,D,Christine Gregoire,,,
Kitsap,ANNAPOLIS 212,,,D,Christine Gregoire,429,429,430
Kitsap,BRASCH 213,,,D,Christine Gregoire,418,418,418
Kitsap,BETHEL 215,,,D,Christine Gregoire,293,294,295
Kitsap,MINTERBROOK 216,,,D,Christine Gregoire,353,352,353
Kitsap,SPRING CREEK 217,,,D,Christine Gregoire,279,279,279
Kitsap,BURLEY 218,,,D,Christine Gregoire,308,308,308
Kitsap,HUNTER 219,,,D,Christine Gregoire,210,211,211
Kitsap,ALASKA 221,,,D,Christine Gregoire,526,528,528
Kitsap,WOODRIDGE 222,,,D,Christine Gregoire,160,160,160
Kitsap,NEBRASKA 223,,,D,Christine Gregoire,251,248,251
Kitsap,WHISPERING PINES 227,,,D,Christine Gregoire,319,317,319
Kitsap,FERNWOOD 230,,,D,Christine Gregoire,347,347,348
Kitsap,GLENWOOD 232,,,D,Christine Gregoire,361,361,361
Kitsap,HARPER 240,,,D,Christine Gregoire,302,302,302
Kitsap,YUKON 241,,,D,Christine Gregoire,246,246,246
Kitsap,WILSON CREEK 242,,,D,Christine Gregoire,212,212,212
Kitsap,LONG LAKE 245,,,D,Christine Gregoire,202,202,202
Kitsap,LOCKER 246,,,D,Christine Gregoire,379,378,379
Kitsap,EBBERT 247,,,D,Christine Gregoire,361,361,361
Kitsap,LUNDBERG 250,,,D,Christine Gregoire,356,357,356
Kitsap,CONVERSE 252,,,D,Christine Gregoire,258,259,260
Kitsap,MANCHESTER 255,,,D,Christine Gregoire,210,210,209
Kitsap,EVERGREEN 257,,,D,Christine Gregoire,368,368,368
Kitsap,WILLOCK 258,,,D,Christine Gregoire,417,417,417
Kitsap,MULLENIX 260,,,D,Christine Gregoire,412,412,412
Kitsap,BANDIX 263,,,D,Christine Gregoire,322,322,322
Kitsap,OLALLA 265,,,D,Christine Gregoire,218,218,218
Kitsap,CRESCENT VALLEY 266,,,D,Christine Gregoire,287,287,287
Kitsap,OVERLOOK 267,,,D,Christine Gregoire,343,343,345
Kitsap,MADRONA 269,,,D,Christine Gregoire,263,263,263
Kitsap,PARKWOOD 270,,,D,Christine Gregoire,418,417,418
Kitsap,CONIFER 271,,,D,Christine Gregoire,200,200,200
Kitsap,SEDGWICK 272,,,D,Christine Gregoire,352,353,354
Kitsap,SINCLAIR 275,,,D,Christine Gregoire,198,198,198
Kitsap,SHERMAN HEIGHTS 278,,,D,Christine Gregoire,,20,21
Kitsap,SUNNYSLOPE 280,,,D,Christine Gregoire,320,320,320
Kitsap,MCCORMICK WOODS 281,,,D,Christine Gregoire,534,533,533
Kitsap,DICKENSON 282,,,D,Christine Gregoire,271,271,271
Kitsap,TWIN LAKES 285,,,D,Christine Gregoire,,88,88
Kitsap,LIGHTHOUSE POINT 292,,,D,Christine Gregoire,303,303,303
Kitsap,BREMERTON 293,,,D,Christine Gregoire,,,
Kitsap,WATERMAN 295,,,D,Christine Gregoire,200,200,200
Kitsap,BREMERTON 296,,,D,Christine Gregoire,,,
Kitsap,BLUE HERON 301,,,D,Christine Gregoire,687,687,689
Kitsap,AZALEA 302,,,D,Christine Gregoire,371,371,371
Kitsap,WINSLOW 304,,,D,Christine Gregoire,741,741,741
Kitsap,WING POINT 305,,,D,Christine Gregoire,321,321,321
Kitsap,BLAKELY 310,,,D,Christine Gregoire,383,383,383
Kitsap,CRYSTAL SPRINGS 312,,,D,Christine Gregoire,587,587,586
Kitsap,FINCH 314,,,D,Christine Gregoire,353,353,353
Kitsap,FERNCLIFF 315,,,D,Christine Gregoire,563,563,563
Kitsap,EAGLE HARBOR 317,,,D,Christine Gregoire,363,363,363
Kitsap,FORT WARD 318,,,D,Christine Gregoire,413,413,413
Kitsap,ISLAND CENTER 320,,,D,Christine Gregoire,380,380,380
Kitsap,MEADOWMEER 321,,,D,Christine Gregoire,235,234,235
Kitsap,NEW BROOKLYN 322,,,D,Christine Gregoire,309,309,309
Kitsap,LIBERTY 325,,,D,Christine Gregoire,442,441,443
Kitsap,SKIFF POINT 328,,,D,Christine Gregoire,410,409,411
Kitsap,ROLLING BAY 330,,,D,Christine Gregoire,524,522,524
Kitsap,LOVGREN 332,,,D,Christine Gregoire,271,271,271
Kitsap,TOLO 333,,,D,Christine Gregoire,394,394,394
Kitsap,SEABOLD 335,,,D,Christine Gregoire,526,526,526
Kitsap,MANZANITA 336,,,D,Christine Gregoire,363,362,363
Kitsap,PORT MADISON 340,,,D,Christine Gregoire,331,331,331
Kitsap,TORVANGER 345,,,D,Christine Gregoire,586,586,586
Kitsap,POULSBO 401,,,D,Christine Gregoire,288,288,289
Kitsap,POULSBO 403,,,D,Christine Gregoire,318,319,320
Kitsap,POULSBO 404,,,D,Christine Gregoire,571,571,572
Kitsap,POULSBO 405,,,D,Christine Gregoire,313,314,314
Kitsap,POULSBO 406,,,D,Christine Gregoire,286,286,286
Kitsap,BREIDABLIK 410,,,D,Christine Gregoire,368,368,368
Kitsap,VINLAND 412,,,D,Christine Gregoire,573,574,574
Kitsap,HANSVILLE 415,,,D,Christine Gregoire,569,570,572
Kitsap,TWIN SPITS 417,,,D,Christine Gregoire,508,510,510
Kitsap,S' KLALLAM 418,,,D,Christine Gregoire,129,129,129
Kitsap,POINT JEFFERSON 419,,,D,Christine Gregoire,293,293,294
Kitsap,INDIANOLA 420,,,D,Christine Gregoire,543,543,543
Kitsap,ORCA 421,,,D,Christine Gregoire,313,313,314
Kitsap,APPLE TREE 422,,,D,Christine Gregoire,602,602,602
Kitsap,KEYPORT 425,,,D,Christine Gregoire,322,323,324
Kitsap,ISLAND LAKE 427,,,D,Christine Gregoire,359,360,363
Kitsap,KINGSTON 430,,,D,Christine Gregoire,531,533,533
Kitsap,LEMOLO 435,,,D,Christine Gregoire,318,317,318
Kitsap,LINCOLN 440,,,D,Christine Gregoire,274,273,273
Kitsap,BIG VALLEY 441,,,D,Christine Gregoire,194,194,194
Kitsap,LOFALL 442,,,D,Christine Gregoire,413,414,414
Kitsap,PEARSON 445,,,D,Christine Gregoire,424,430,430
Kitsap,PORT GAMBLE 450,,,D,Christine Gregoire,334,335,336
Kitsap,STRIEBEL 453,,,D,Christine Gregoire,382,382,383
Kitsap,GAMBLEWOOD 454,,,D,Christine Gregoire,263,263,266
Kitsap,SCANDIA 455,,,D,Christine Gregoire,322,322,321
Kitsap,MILLER BAY 458,,,D,Christine Gregoire,421,422,422
Kitsap,SUQUAMISH 460,,,D,Christine Gregoire,401,402,402
Kitsap,AUGUSTA 461,,,D,Christine Gregoire,259,260,261
Kitsap,TOTTEN 463,,,D,Christine Gregoire,589,589,590
Kitsap,vbm precincts,,,D,Christine Gregoire,750,23,7
KITSAP CO,KITSAP CO,,,D,Christine Gregoire,56149,56164,56236
Kitsap,BREMERTON 001,Governor,,R,Dino Rossi,371,367,372
Kitsap,BREMERTON 005,Governor,,R,Dino Rossi,382,379,383
Kitsap,BREMERTON 007,Governor,,R,Dino Rossi,,,11
Kitsap,BREMERTON 013,Governor,,R,Dino Rossi,280,279,280
Kitsap,BREMERTON 015,Governor,,R,Dino Rossi,549,547,548
Kitsap,BREMERTON 022,Governor,,R,Dino Rossi,197,197,197
Kitsap,BREMERTON 029,Governor,,R,Dino Rossi,258,258,260
Kitsap,BREMERTON 031,Governor,,R,Dino Rossi,379,380,380
Kitsap,BREMERTON 032,Governor,,R,Dino Rossi,55,54,55
Kitsap,BREMERTON 037,Governor,,R,Dino Rossi,515,515,516
Kitsap,BREMERTON 040,Governor,,R,Dino Rossi,526,526,524
Kitsap,BREMERTON 046,Governor,,R,Dino Rossi,306,306,307
Kitsap,BREMERTON 051,Governor,,R,Dino Rossi,,15,15
Kitsap,BREMERTON 052,Governor,,R,Dino Rossi,610,610,610
Kitsap,BREMERTON 054,Governor,,R,Dino Rossi,284,284,284
Kitsap,BREMERTON 056,Governor,,R,Dino Rossi,352,352,352
Kitsap,BREMERTON 058,Governor,,R,Dino Rossi,147,147,147
Kitsap,ILLAHEE 065,Governor,,R,Dino Rossi,727,727,727
Kitsap,RAINIER 067,Governor,,R,Dino Rossi,276,276,276
Kitsap,SHERIDAN 071,Governor,,R,Dino Rossi,,110,110
Kitsap,PERRY 073,Governor,,R,Dino Rossi,206,206,207
Kitsap,ROCKY POINT 083,Governor,,R,Dino Rossi,401,401,401
Kitsap,RIDGEWAY 084,Governor,,R,Dino Rossi,,114,114
Kitsap,KITSAP LAKE 085,Governor,,R,Dino Rossi,,30,30
Kitsap,POWERLINE 086,Governor,,R,Dino Rossi,,,5
Kitsap,BAYVIEW 087,Governor,,R,Dino Rossi,,102,102
Kitsap,BREMERTON 088,Governor,,R,Dino Rossi,,65,65
Kitsap,MARION 090,Governor,,R,Dino Rossi,,51,51
Kitsap,NAVY YARD CITY 095,Governor,,R,Dino Rossi,326,326,326
Kitsap,NARROWS VIEW 098,Governor,,R,Dino Rossi,,15,15
Kitsap,OLYMPIC 099,Governor,,R,Dino Rossi,,24,24
Kitsap,TRIDENT 101,Governor,,R,Dino Rossi,427,426,427
Kitsap,FRONTIER 102,Governor,,R,Dino Rossi,333,333,333
Kitsap,OLYMPIC VIEW 103,Governor,,R,Dino Rossi,648,648,651
Kitsap,HOOD CANAL 104,Governor,,R,Dino Rossi,479,20,20
Kitsap,BROWNSVILLE 105,Governor,,R,Dino Rossi,,478,479
Kitsap,BREMERTON 109,Governor,,R,Dino Rossi,140,140,140
Kitsap,CHARLAND 110,Governor,,R,Dino Rossi,266,266,268
Kitsap,ALPINE 111,Governor,,R,Dino Rossi,633,633,630
Kitsap,COUNTRY CLUB 113,Governor,,R,Dino Rossi,236,236,237
Kitsap,CLEAR CREEK 120,Governor,,R,Dino Rossi,582,580,581
Kitsap,BUCKLIN 121,Governor,,R,Dino Rossi,398,399,398
Kitsap,LUOTO 122,Governor,,R,Dino Rossi,233,234,234
Kitsap,COTTONWOOD 125,Governor,,R,Dino Rossi,422,422,421
Kitsap,FOREST RIDGE 126,Governor,,R,Dino Rossi,225,226,225
Kitsap,WOODMERE 127,Governor,,R,Dino Rossi,507,507,510
Kitsap,CENTRAL VALLEY 128,Governor,,R,Dino Rossi,531,530,531
Kitsap,WINSTON 129,Governor,,R,Dino Rossi,181,181,181
Kitsap,ERLANDS POINT 130,Governor,,R,Dino Rossi,232,232,238
Kitsap,FAIRVIEW 135,Governor,,R,Dino Rossi,225,225,225
Kitsap,FIRGLADE 137,Governor,,R,Dino Rossi,299,299,299
Kitsap,TIBARDIS 139,Governor,,R,Dino Rossi,213,213,211
Kitsap,GILBERTON 140,Governor,,R,Dino Rossi,325,326,327
Kitsap,RIDGEPOINT 141,Governor,,R,Dino Rossi,423,423,423
Kitsap,UNIVERSITY POINT 142,Governor,,R,Dino Rossi,267,267,268
Kitsap,KARIOTIS 143,Governor,,R,Dino Rossi,341,341,343
Kitsap,CAMBRIDGE 144,Governor,,R,Dino Rossi,296,296,296
Kitsap,SPINNAKER 146,Governor,,R,Dino Rossi,288,288,288
Kitsap,BARKER CREEK 147,Governor,,R,Dino Rossi,530,530,530
Kitsap,SANTA FE 148,Governor,,R,Dino Rossi,449,449,444
Kitsap,RIDGETOP 149,Governor,,R,Dino Rossi,440,440,440
Kitsap,MEADOWDALE 150,Governor,,R,Dino Rossi,373,373,375
Kitsap,SYMINGTON 151,Governor,,R,Dino Rossi,654,653,654
Kitsap,PIONEER 152,Governor,,R,Dino Rossi,452,451,452
Kitsap,SEABECK 155,Governor,,R,Dino Rossi,452,452,454
Kitsap,CAMP SUNDOWN 156,Governor,,R,Dino Rossi,,,
Kitsap,LOST HIGHWAY 157,Governor,,R,Dino Rossi,516,518,518
Kitsap,BREMERTON 159,Governor,,R,Dino Rossi,168,168,169
Kitsap,SILVERDALE 160,Governor,,R,Dino Rossi,297,296,296
Kitsap,MORKEN 161,Governor,,R,Dino Rossi,608,605,610
Kitsap,APEX 162,Governor,,R,Dino Rossi,543,542,545
Kitsap,ANDERSON CREEK 163,Governor,,R,Dino Rossi,278,278,278
Kitsap,EAGLE CREST 164,Governor,,R,Dino Rossi,480,478,480
Kitsap,SUTTON 165,Governor,,R,Dino Rossi,300,300,300
Kitsap,TRACYTON 170,Governor,,R,Dino Rossi,262,262,262
Kitsap,VENA 173,Governor,,R,Dino Rossi,336,336,336
Kitsap,FUSON 175,Governor,,R,Dino Rossi,333,333,333
Kitsap,PORT ORCHARD 201,Governor,,R,Dino Rossi,271,272,272
Kitsap,PORT ORCHARD 202,Governor,,R,Dino Rossi,387,388,388
Kitsap,PORT ORCHARD 203,Governor,,R,Dino Rossi,509,509,509
Kitsap,PORT ORCHARD 204,Governor,,R,Dino Rossi,270,270,270
Kitsap,PORT ORCHARD 205,Governor,,R,Dino Rossi,,,
Kitsap,PORT ORCHARD 206,Governor,,R,Dino Rossi,,,
Kitsap,ANNAPOLIS 212,Governor,,R,Dino Rossi,444,444,446
Kitsap,BRASCH 213,Governor,,R,Dino Rossi,598,597,597
Kitsap,BETHEL 215,Governor,,R,Dino Rossi,302,302,302
Kitsap,MINTERBROOK 216,Governor,,R,Dino Rossi,514,513,513
Kitsap,SPRING CREEK 217,Governor,,R,Dino Rossi,362,362,362
Kitsap,BURLEY 218,Governor,,R,Dino Rossi,375,373,375
Kitsap,HUNTER 219,Governor,,R,Dino Rossi,384,382,383
Kitsap,ALASKA 221,Governor,,R,Dino Rossi,512,512,512
Kitsap,WOODRIDGE 222,Governor,,R,Dino Rossi,222,222,222
Kitsap,NEBRASKA 223,Governor,,R,Dino Rossi,332,330,332
Kitsap,WHISPERING PINES 227,Governor,,R,Dino Rossi,417,415,416
Kitsap,FERNWOOD 230,Governor,,R,Dino Rossi,530,530,531
Kitsap,GLENWOOD 232,Governor,,R,Dino Rossi,570,570,570
Kitsap,HARPER 240,Governor,,R,Dino Rossi,314,314,315
Kitsap,YUKON 241,Governor,,R,Dino Rossi,311,311,312
Kitsap,WILSON CREEK 242,Governor,,R,Dino Rossi,311,311,312
Kitsap,LONG LAKE 245,Governor,,R,Dino Rossi,283,283,284
Kitsap,LOCKER 246,Governor,,R,Dino Rossi,487,486,486
Kitsap,EBBERT 247,Governor,,R,Dino Rossi,394,395,396
Kitsap,LUNDBERG 250,Governor,,R,Dino Rossi,391,390,391
Kitsap,CONVERSE 252,Governor,,R,Dino Rossi,346,344,345
Kitsap,MANCHESTER 255,Governor,,R,Dino Rossi,191,191,190
Kitsap,EVERGREEN 257,Governor,,R,Dino Rossi,498,497,499
Kitsap,WILLOCK 258,Governor,,R,Dino Rossi,519,519,519
Kitsap,MULLENIX 260,Governor,,R,Dino Rossi,537,537,537
Kitsap,BANDIX 263,Governor,,R,Dino Rossi,472,472,472
Kitsap,OLALLA 265,Governor,,R,Dino Rossi,312,314,314
Kitsap,CRESCENT VALLEY 266,Governor,,R,Dino Rossi,385,385,385
Kitsap,OVERLOOK 267,Governor,,R,Dino Rossi,274,274,275
Kitsap,MADRONA 269,Governor,,R,Dino Rossi,282,282,283
Kitsap,PARKWOOD 270,Governor,,R,Dino Rossi,417,417,417
Kitsap,CONIFER 271,Governor,,R,Dino Rossi,245,247,247
Kitsap,SEDGWICK 272,Governor,,R,Dino Rossi,484,484,486
Kitsap,SINCLAIR 275,Governor,,R,Dino Rossi,256,256,254
Kitsap,SHERMAN HEIGHTS 278,Governor,,R,Dino Rossi,,35,35
Kitsap,SUNNYSLOPE 280,Governor,,R,Dino Rossi,431,431,431
Kitsap,MCCORMICK WOODS 281,Governor,,R,Dino Rossi,799,796,801
Kitsap,DICKENSON 282,Governor,,R,Dino Rossi,343,343,343
Kitsap,TWIN LAKES 285,Governor,,R,Dino Rossi,,87,87
Kitsap,LIGHTHOUSE POINT 292,Governor,,R,Dino Rossi,378,378,380
Kitsap,BREMERTON 293,Governor,,R,Dino Rossi,,,
Kitsap,WATERMAN 295,Governor,,R,Dino Rossi,257,258,258
Kitsap,BREMERTON 296,Governor,,R,Dino Rossi,,,
Kitsap,BLUE HERON 301,Governor,,R,Dino Rossi,233,233,233
Kitsap,AZALEA 302,Governor,,R,Dino Rossi,156,156,156
Kitsap,WINSLOW 304,Governor,,R,Dino Rossi,375,375,375
Kitsap,WING POINT 305,Governor,,R,Dino Rossi,229,230,228
Kitsap,BLAKELY 310,Governor,,R,Dino Rossi,187,187,187
Kitsap,CRYSTAL SPRINGS 312,Governor,,R,Dino Rossi,310,310,310
Kitsap,FINCH 314,Governor,,R,Dino Rossi,170,170,170
Kitsap,FERNCLIFF 315,Governor,,R,Dino Rossi,312,312,312
Kitsap,EAGLE HARBOR 317,Governor,,R,Dino Rossi,174,174,174
Kitsap,FORT WARD 318,Governor,,R,Dino Rossi,216,216,215
Kitsap,ISLAND CENTER 320,Governor,,R,Dino Rossi,206,206,206
Kitsap,MEADOWMEER 321,Governor,,R,Dino Rossi,118,118,118
Kitsap,NEW BROOKLYN 322,Governor,,R,Dino Rossi,118,118,118
Kitsap,LIBERTY 325,Governor,,R,Dino Rossi,198,198,199
Kitsap,SKIFF POINT 328,Governor,,R,Dino Rossi,181,181,181
Kitsap,ROLLING BAY 330,Governor,,R,Dino Rossi,229,229,229
Kitsap,LOVGREN 332,Governor,,R,Dino Rossi,142,142,142
Kitsap,TOLO 333,Governor,,R,Dino Rossi,188,188,188
Kitsap,SEABOLD 335,Governor,,R,Dino Rossi,267,267,267
Kitsap,MANZANITA 336,Governor,,R,Dino Rossi,205,205,205
Kitsap,PORT MADISON 340,Governor,,R,Dino Rossi,216,214,213
Kitsap,TORVANGER 345,Governor,,R,Dino Rossi,283,282,285
Kitsap,POULSBO 401,Governor,,R,Dino Rossi,346,347,348
Kitsap,POULSBO 403,Governor,,R,Dino Rossi,322,322,323
Kitsap,POULSBO 404,Governor,,R,Dino Rossi,683,683,684
Kitsap,POULSBO 405,Governor,,R,Dino Rossi,263,266,267
Kitsap,POULSBO 406,Governor,,R,Dino Rossi,379,379,377
Kitsap,BREIDABLIK 410,Governor,,R,Dino Rossi,399,399,399
Kitsap,VINLAND 412,Governor,,R,Dino Rossi,765,765,765
Kitsap,HANSVILLE 415,Governor,,R,Dino Rossi,554,554,555
Kitsap,TWIN SPITS 417,Governor,,R,Dino Rossi,514,514,514
Kitsap,S' KLALLAM 418,Governor,,R,Dino Rossi,19,19,19
Kitsap,POINT JEFFERSON 419,Governor,,R,Dino Rossi,235,235,235
Kitsap,INDIANOLA 420,Governor,,R,Dino Rossi,254,254,254
Kitsap,ORCA 421,Governor,,R,Dino Rossi,266,265,266
Kitsap,APPLE TREE 422,Governor,,R,Dino Rossi,525,524,525
Kitsap,KEYPORT 425,Governor,,R,Dino Rossi,450,454,455
Kitsap,ISLAND LAKE 427,Governor,,R,Dino Rossi,537,540,541
Kitsap,KINGSTON 430,Governor,,R,Dino Rossi,481,481,481
Kitsap,LEMOLO 435,Governor,,R,Dino Rossi,389,390,390
Kitsap,LINCOLN 440,Governor,,R,Dino Rossi,406,406,406
Kitsap,BIG VALLEY 441,Governor,,R,Dino Rossi,262,261,261
Kitsap,LOFALL 442,Governor,,R,Dino Rossi,481,481,481
Kitsap,PEARSON 445,Governor,,R,Dino Rossi,517,517,519
Kitsap,PORT GAMBLE 450,Governor,,R,Dino Rossi,324,324,324
Kitsap,STRIEBEL 453,Governor,,R,Dino Rossi,326,328,327
Kitsap,GAMBLEWOOD 454,Governor,,R,Dino Rossi,300,300,301
Kitsap,SCANDIA 455,Governor,,R,Dino Rossi,389,388,389
Kitsap,MILLER BAY 458,Governor,,R,Dino Rossi,410,410,410
Kitsap,SUQUAMISH 460,Governor,,R,Dino Rossi,183,183,183
Kitsap,AUGUSTA 461,Governor,,R,Dino Rossi,154,154,154
Kitsap,TOTTEN 463,Governor,,R,Dino Rossi,489,490,490
Kitsap,vbm precincts,Governor,,R,Dino Rossi,693,25,13
KITSAP CO,KITSAP CO,Governor,,R,Dino Rossi,57712,57693,57775
Kitsap,BREMERTON 001,Governor,,L,Ruth Bennett,46,46,47
Kitsap,BREMERTON 005,Governor,,L,Ruth Bennett,41,40,41
Kitsap,BREMERTON 007,Governor,,L,Ruth Bennett,,,0
Kitsap,BREMERTON 013,Governor,,L,Ruth Bennett,33,33,33
Kitsap,BREMERTON 015,Governor,,L,Ruth Bennett,73,73,73
Kitsap,BREMERTON 022,Governor,,L,Ruth Bennett,33,33,33
Kitsap,BREMERTON 029,Governor,,L,Ruth Bennett,19,19,19
Kitsap,BREMERTON 031,Governor,,L,Ruth Bennett,19,19,19
Kitsap,BREMERTON 032,Governor,,L,Ruth Bennett,13,12,12
Kitsap,BREMERTON 037,Governor,,L,Ruth Bennett,34,34,34
Kitsap,BREMERTON 040,Governor,,L,Ruth Bennett,37,37,37
Kitsap,BREMERTON 046,Governor,,L,Ruth Bennett,21,21,21
Kitsap,BREMERTON 051,Governor,,L,Ruth Bennett,,1,1
Kitsap,BREMERTON 052,Governor,,L,Ruth Bennett,43,43,43
Kitsap,BREMERTON 054,Governor,,L,Ruth Bennett,31,31,31
Kitsap,BREMERTON 056,Governor,,L,Ruth Bennett,21,21,21
Kitsap,BREMERTON 058,Governor,,L,Ruth Bennett,6,6,7
Kitsap,ILLAHEE 065,Governor,,L,Ruth Bennett,34,34,35
Kitsap,RAINIER 067,Governor,,L,Ruth Bennett,5,5,5
Kitsap,SHERIDAN 071,Governor,,L,Ruth Bennett,,5,5
Kitsap,PERRY 073,Governor,,L,Ruth Bennett,15,15,15
Kitsap,ROCKY POINT 083,Governor,,L,Ruth Bennett,21,21,20
Kitsap,RIDGEWAY 084,Governor,,L,Ruth Bennett,,11,11
Kitsap,KITSAP LAKE 085,Governor,,L,Ruth Bennett,,1,1
Kitsap,POWERLINE 086,Governor,,L,Ruth Bennett,,,0
Kitsap,BAYVIEW 087,Governor,,L,Ruth Bennett,,8,8
Kitsap,BREMERTON 088,Governor,,L,Ruth Bennett,,5,5
Kitsap,MARION 090,Governor,,L,Ruth Bennett,,8,9
Kitsap,NAVY YARD CITY 095,Governor,,L,Ruth Bennett,46,46,46
Kitsap,NARROWS VIEW 098,Governor,,L,Ruth Bennett,,1,1
Kitsap,OLYMPIC 099,Governor,,L,Ruth Bennett,,0,0
Kitsap,TRIDENT 101,Governor,,L,Ruth Bennett,19,19,19
Kitsap,FRONTIER 102,Governor,,L,Ruth Bennett,8,7,8
Kitsap,OLYMPIC VIEW 103,Governor,,L,Ruth Bennett,24,24,24
Kitsap,HOOD CANAL 104,Governor,,L,Ruth Bennett,18,0,0
Kitsap,BROWNSVILLE 105,Governor,,L,Ruth Bennett,,18,18
Kitsap,BREMERTON 109,Governor,,L,Ruth Bennett,9,9,9
Kitsap,CHARLAND 110,Governor,,L,Ruth Bennett,7,7,7
Kitsap,ALPINE 111,Governor,,L,Ruth Bennett,32,32,32
Kitsap,COUNTRY CLUB 113,Governor,,L,Ruth Bennett,15,15,15
Kitsap,CLEAR CREEK 120,Governor,,L,Ruth Bennett,18,18,18
Kitsap,BUCKLIN 121,Governor,,L,Ruth Bennett,13,13,13
Kitsap,LUOTO 122,Governor,,L,Ruth Bennett,12,12,12
Kitsap,COTTONWOOD 125,Governor,,L,Ruth Bennett,19,19,19
Kitsap,FOREST RIDGE 126,Governor,,L,Ruth Bennett,11,11,11
Kitsap,WOODMERE 127,Governor,,L,Ruth Bennett,23,23,23
Kitsap,CENTRAL VALLEY 128,Governor,,L,Ruth Bennett,25,25,25
Kitsap,WINSTON 129,Governor,,L,Ruth Bennett,5,5,5
Kitsap,ERLANDS POINT 130,Governor,,L,Ruth Bennett,9,9,9
Kitsap,FAIRVIEW 135,Governor,,L,Ruth Bennett,12,12,12
Kitsap,FIRGLADE 137,Governor,,L,Ruth Bennett,7,7,7
Kitsap,TIBARDIS 139,Governor,,L,Ruth Bennett,14,14,14
Kitsap,GILBERTON 140,Governor,,L,Ruth Bennett,9,9,9
Kitsap,RIDGEPOINT 141,Governor,,L,Ruth Bennett,15,15,15
Kitsap,UNIVERSITY POINT 142,Governor,,L,Ruth Bennett,12,12,12
Kitsap,KARIOTIS 143,Governor,,L,Ruth Bennett,22,22,22
Kitsap,CAMBRIDGE 144,Governor,,L,Ruth Bennett,14,14,14
Kitsap,SPINNAKER 146,Governor,,L,Ruth Bennett,16,16,16
Kitsap,BARKER CREEK 147,Governor,,L,Ruth Bennett,10,10,10
Kitsap,SANTA FE 148,Governor,,L,Ruth Bennett,26,26,26
Kitsap,RIDGETOP 149,Governor,,L,Ruth Bennett,12,12,12
Kitsap,MEADOWDALE 150,Governor,,L,Ruth Bennett,13,13,13
Kitsap,SYMINGTON 151,Governor,,L,Ruth Bennett,42,42,43
Kitsap,PIONEER 152,Governor,,L,Ruth Bennett,4,4,4
Kitsap,SEABECK 155,Governor,,L,Ruth Bennett,23,23,23
Kitsap,CAMP SUNDOWN 156,Governor,,L,Ruth Bennett,,,
Kitsap,LOST HIGHWAY 157,Governor,,L,Ruth Bennett,29,29,29
Kitsap,BREMERTON 159,Governor,,L,Ruth Bennett,5,5,5
Kitsap,SILVERDALE 160,Governor,,L,Ruth Bennett,12,12,12
Kitsap,MORKEN 161,Governor,,L,Ruth Bennett,25,25,25
Kitsap,APEX 162,Governor,,L,Ruth Bennett,13,13,13
Kitsap,ANDERSON CREEK 163,Governor,,L,Ruth Bennett,12,12,12
Kitsap,EAGLE CREST 164,Governor,,L,Ruth Bennett,16,16,16
Kitsap,SUTTON 165,Governor,,L,Ruth Bennett,15,15,15
Kitsap,TRACYTON 170,Governor,,L,Ruth Bennett,15,15,15
Kitsap,VENA 173,Governor,,L,Ruth Bennett,12,12,12
Kitsap,FUSON 175,Governor,,L,Ruth Bennett,23,23,23
Kitsap,PORT ORCHARD 201,Governor,,L,Ruth Bennett,24,24,24
Kitsap,PORT ORCHARD 202,Governor,,L,Ruth Bennett,30,30,30
Kitsap,PORT ORCHARD 203,Governor,,L,Ruth Bennett,35,35,35
Kitsap,PORT ORCHARD 204,Governor,,L,Ruth Bennett,18,18,18
Kitsap,PORT ORCHARD 205,Governor,,L,Ruth Bennett,,,
Kitsap,PORT ORCHARD 206,Governor,,L,Ruth Bennett,,,
Kitsap,ANNAPOLIS 212,Governor,,L,Ruth Bennett,35,35,35
Kitsap,BRASCH 213,Governor,,L,Ruth Bennett,23,23,23
Kitsap,BETHEL 215,Governor,,L,Ruth Bennett,9,9,9
Kitsap,MINTERBROOK 216,Governor,,L,Ruth Bennett,32,32,32
Kitsap,SPRING CREEK 217,Governor,,L,Ruth Bennett,22,22,22
Kitsap,BURLEY 218,Governor,,L,Ruth Bennett,26,26,26
Kitsap,HUNTER 219,Governor,,L,Ruth Bennett,23,23,23
Kitsap,ALASKA 221,Governor,,L,Ruth Bennett,27,27,27
Kitsap,WOODRIDGE 222,Governor,,L,Ruth Bennett,19,19,19
Kitsap,NEBRASKA 223,Governor,,L,Ruth Bennett,24,24,24
Kitsap,WHISPERING PINES 227,Governor,,L,Ruth Bennett,23,23,23
Kitsap,FERNWOOD 230,Governor,,L,Ruth Bennett,33,33,33
Kitsap,GLENWOOD 232,Governor,,L,Ruth Bennett,19,19,19
Kitsap,HARPER 240,Governor,,L,Ruth Bennett,20,20,20
Kitsap,YUKON 241,Governor,,L,Ruth Bennett,25,25,25
Kitsap,WILSON CREEK 242,Governor,,L,Ruth Bennett,12,12,12
Kitsap,LONG LAKE 245,Governor,,L,Ruth Bennett,7,7,7
Kitsap,LOCKER 246,Governor,,L,Ruth Bennett,21,21,21
Kitsap,EBBERT 247,Governor,,L,Ruth Bennett,18,18,18
Kitsap,LUNDBERG 250,Governor,,L,Ruth Bennett,18,18,18
Kitsap,CONVERSE 252,Governor,,L,Ruth Bennett,22,22,22
Kitsap,MANCHESTER 255,Governor,,L,Ruth Bennett,8,8,8
Kitsap,EVERGREEN 257,Governor,,L,Ruth Bennett,27,27,27
Kitsap,WILLOCK 258,Governor,,L,Ruth Bennett,29,29,29
Kitsap,MULLENIX 260,Governor,,L,Ruth Bennett,35,35,35
Kitsap,BANDIX 263,Governor,,L,Ruth Bennett,26,26,26
Kitsap,OLALLA 265,Governor,,L,Ruth Bennett,12,12,12
Kitsap,CRESCENT VALLEY 266,Governor,,L,Ruth Bennett,27,27,27
Kitsap,OVERLOOK 267,Governor,,L,Ruth Bennett,29,29,29
Kitsap,MADRONA 269,Governor,,L,Ruth Bennett,17,17,17
Kitsap,PARKWOOD 270,Governor,,L,Ruth Bennett,33,33,33
Kitsap,CONIFER 271,Governor,,L,Ruth Bennett,9,9,9
Kitsap,SEDGWICK 272,Governor,,L,Ruth Bennett,14,13,14
Kitsap,SINCLAIR 275,Governor,,L,Ruth Bennett,29,29,29
Kitsap,SHERMAN HEIGHTS 278,Governor,,L,Ruth Bennett,,0,0
Kitsap,SUNNYSLOPE 280,Governor,,L,Ruth Bennett,37,37,37
Kitsap,MCCORMICK WOODS 281,Governor,,L,Ruth Bennett,20,20,20
Kitsap,DICKENSON 282,Governor,,L,Ruth Bennett,26,26,26
Kitsap,TWIN LAKES 285,Governor,,L,Ruth Bennett,,6,6
Kitsap,LIGHTHOUSE POINT 292,Governor,,L,Ruth Bennett,20,20,20
Kitsap,BREMERTON 293,Governor,,L,Ruth Bennett,,,
Kitsap,WATERMAN 295,Governor,,L,Ruth Bennett,12,12,12
Kitsap,BREMERTON 296,Governor,,L,Ruth Bennett,,,
Kitsap,BLUE HERON 301,Governor,,L,Ruth Bennett,25,25,25
Kitsap,AZALEA 302,Governor,,L,Ruth Bennett,7,7,7
Kitsap,WINSLOW 304,Governor,,L,Ruth Bennett,23,23,23
Kitsap,WING POINT 305,Governor,,L,Ruth Bennett,5,5,5
Kitsap,BLAKELY 310,Governor,,L,Ruth Bennett,11,11,11
Kitsap,CRYSTAL SPRINGS 312,Governor,,L,Ruth Bennett,9,9,9
Kitsap,FINCH 314,Governor,,L,Ruth Bennett,9,9,9
Kitsap,FERNCLIFF 315,Governor,,L,Ruth Bennett,21,21,21
Kitsap,EAGLE HARBOR 317,Governor,,L,Ruth Bennett,15,15,15
Kitsap,FORT WARD 318,Governor,,L,Ruth Bennett,8,8,8
Kitsap,ISLAND CENTER 320,Governor,,L,Ruth Bennett,8,8,8
Kitsap,MEADOWMEER 321,Governor,,L,Ruth Bennett,5,5,5
Kitsap,NEW BROOKLYN 322,Governor,,L,Ruth Bennett,8,8,8
Kitsap,LIBERTY 325,Governor,,L,Ruth Bennett,8,8,8
Kitsap,SKIFF POINT 328,Governor,,L,Ruth Bennett,10,10,10
Kitsap,ROLLING BAY 330,Governor,,L,Ruth Bennett,20,20,20
Kitsap,LOVGREN 332,Governor,,L,Ruth Bennett,5,5,5
Kitsap,TOLO 333,Governor,,L,Ruth Bennett,17,17,17
Kitsap,SEABOLD 335,Governor,,L,Ruth Bennett,12,12,12
Kitsap,MANZANITA 336,Governor,,L,Ruth Bennett,8,8,8
Kitsap,PORT MADISON 340,Governor,,L,Ruth Bennett,11,10,10
Kitsap,TORVANGER 345,Governor,,L,Ruth Bennett,19,19,19
Kitsap,POULSBO 401,Governor,,L,Ruth Bennett,27,27,27
Kitsap,POULSBO 403,Governor,,L,Ruth Bennett,12,12,12
Kitsap,POULSBO 404,Governor,,L,Ruth Bennett,14,14,14
Kitsap,POULSBO 405,Governor,,L,Ruth Bennett,21,21,21
Kitsap,POULSBO 406,Governor,,L,Ruth Bennett,9,9,9
Kitsap,BREIDABLIK 410,Governor,,L,Ruth Bennett,26,26,26
Kitsap,VINLAND 412,Governor,,L,Ruth Bennett,18,18,18
Kitsap,HANSVILLE 415,Governor,,L,Ruth Bennett,24,24,24
Kitsap,TWIN SPITS 417,Governor,,L,Ruth Bennett,18,18,18
Kitsap,S' KLALLAM 418,Governor,,L,Ruth Bennett,1,1,1
Kitsap,POINT JEFFERSON 419,Governor,,L,Ruth Bennett,15,15,15
Kitsap,INDIANOLA 420,Governor,,L,Ruth Bennett,23,23,23
Kitsap,ORCA 421,Governor,,L,Ruth Bennett,15,15,15
Kitsap,APPLE TREE 422,Governor,,L,Ruth Bennett,17,17,17
Kitsap,KEYPORT 425,Governor,,L,Ruth Bennett,13,13,13
Kitsap,ISLAND LAKE 427,Governor,,L,Ruth Bennett,19,19,19
Kitsap,KINGSTON 430,Governor,,L,Ruth Bennett,20,20,20
Kitsap,LEMOLO 435,Governor,,L,Ruth Bennett,12,12,12
Kitsap,LINCOLN 440,Governor,,L,Ruth Bennett,15,14,14
Kitsap,BIG VALLEY 441,Governor,,L,Ruth Bennett,9,9,9
Kitsap,LOFALL 442,Governor,,L,Ruth Bennett,14,14,14
Kitsap,PEARSON 445,Governor,,L,Ruth Bennett,17,17,17
Kitsap,PORT GAMBLE 450,Governor,,L,Ruth Bennett,11,11,11
Kitsap,STRIEBEL 453,Governor,,L,Ruth Bennett,27,27,26
Kitsap,GAMBLEWOOD 454,Governor,,L,Ruth Bennett,19,19,19
Kitsap,SCANDIA 455,Governor,,L,Ruth Bennett,21,21,21
Kitsap,MILLER BAY 458,Governor,,L,Ruth Bennett,16,16,16
Kitsap,SUQUAMISH 460,Governor,,L,Ruth Bennett,22,22,22
Kitsap,AUGUSTA 461,Governor,,L,Ruth Bennett,21,21,21
Kitsap,TOTTEN 463,Governor,,L,Ruth Bennett,26,26,26
Kitsap,vbm precincts,Governor,,L,Ruth Bennett,50,3,4
KITSAP CO,KITSAP CO,Governor,,L,Ruth Bennett,3097,3090,3097
